Fecha,dia2,mes,year,Punto 1,Punto 2,Punto 3,Punto 4,Punto 5,Punto 6,Punto 7,Punto 8,Punto 9,Punto 10,Punto 11,Punto 12,Punto 13,Punto 14,Punto 15,Punto 16,Punto 17
01/01/2019,1,1,2019,0,0,0,0,0,0,0,0,0,0,10016,0,0,0,0,38032,0
02/01/2019,2,1,2019,0,0,0,0,0,0,0,0,0,0,10000,0,0,0,0,38032,0
03/01/2019,3,1,2019,0,0,0,0,0,0,0,0,334596,0,33200,0,0,0,0,0,0
04/01/2019,4,1,2019,0,0,0,0,0,0,22032,0,420424,0,0,0,0,0,0,19504,0
05/01/2019,5,1,2019,0,0,0,0,0,0,0,0,320722,0,10000,0,0,0,0,0,0
06/01/2019,6,1,2019,0,0,0,0,0,0,0,0,217850,0,10000,0,0,0,0,0,0
07/01/2019,7,1,2019,0,0,0,0,0,0,0,0,266502,0,33200,0,0,0,0,0,0
08/01/2019,8,1,2019,0,0,0,0,0,0,0,0,414854,0,74794,0,0,0,0,0,0
09/01/2019,9,1,2019,0,0,0,0,40000,0,110136,0,383810,0,33200,0,0,0,0,0,0
10/01/2019,10,1,2019,0,0,0,0,0,0,0,0,402810,0,33200,0,0,0,0,0,0
11/01/2019,11,1,2019,0,0,0,0,0,0,0,0,475992,0,38428,0,0,0,0,0,0
12/01/2019,12,1,2019,19300,0,0,0,0,0,0,0,473536,0,33200,0,0,0,0,10700,0
13/01/2019,13,1,2019,19300,0,0,0,0,0,0,0,473536,0,33200,0,0,0,0,46636,0
14/01/2019,14,1,2019,0,0,0,0,18198,0,0,0,473536,0,33200,0,0,0,0,0,0
15/01/2019,15,1,2019,13142,0,0,0,0,0,18080,0,450804,0,10000,0,0,0,0,0,5768
16/01/2019,16,1,2019,32226,0,0,0,0,0,34494,0,454380,0,10000,0,0,0,0,30016,11374
17/01/2019,17,1,2019,37794,0,0,9672,0,0,0,0,470630,0,10000,0,0,0,0,54210,7584
18/01/2019,18,1,2019,0,0,0,0,0,0,0,0,479344,0,10000,0,0,0,0,0,0
19/01/2019,19,1,2019,0,0,0,0,0,0,0,0,531154,0,10000,0,0,0,0,0,0
20/01/2019,20,1,2019,0,0,0,0,0,0,0,0,555410,0,10000,0,0,0,0,0,0
21/01/2019,21,1,2019,0,0,0,15678,18062,0,0,0,485098,0,10000,0,0,0,0,12800,0
22/01/2019,22,1,2019,0,0,0,0,0,0,0,0,526318,0,10000,0,0,0,0,0,0
23/01/2019,23,1,2019,0,62238,0,0,0,0,0,0,583818,0,10000,0,0,0,0,0,0
24/01/2019,24,1,2019,0,0,0,0,0,0,0,0,511748,0,10000,0,0,0,0,0,0
25/01/2019,25,1,2019,0,0,0,0,0,0,0,0,560670,0,10000,0,0,0,0,0,0
26/01/2019,26,1,2019,0,0,0,0,0,0,0,0,549264,0,10000,0,0,0,0,0,0
27/01/2019,27,1,2019,0,0,0,0,0,0,0,0,548826,0,10000,0,0,0,0,0,0
28/01/2019,28,1,2019,34654,0,0,39804,0,0,0,0,549264,0,10000,0,0,0,0,0,11522
29/01/2019,29,1,2019,0,0,0,15476,0,0,0,0,553252,0,10000,0,0,0,0,0,11014
30/01/2019,30,1,2019,0,0,0,19344,0,0,0,0,549264,0,10000,0,0,0,0,0,10630
31/01/2019,31,1,2019,0,0,0,38304,0,0,0,0,480382,0,10000,0,0,0,0,0,18336
01/02/2019,1,2,2019,0,0,0,0,0,0,0,0,544062,0,0,0,158400,0,0,0,0
02/02/2019,2,2,2019,0,0,0,47304,0,0,0,0,547264,0,0,0,138598,0,0,0,10382
03/02/2019,3,2,2019,27020,0,0,0,17532,0,0,0,547264,0,0,0,10000,0,0,0,0
04/02/2019,4,2,2019,31452,0,0,0,0,0,0,0,547266,0,0,0,138600,0,0,0,8462
05/02/2019,5,2,2019,8664,0,0,0,0,0,0,0,547360,0,0,0,118602,0,0,0,0
06/02/2019,6,2,2019,0,0,0,0,0,0,0,0,547266,0,0,0,118604,0,0,0,0
07/02/2019,7,2,2019,0,0,0,50000,0,0,0,0,547460,0,0,0,135986,0,0,0,0
08/02/2019,8,2,2019,0,0,0,0,0,0,0,0,547560,0,0,0,73054,0,0,0,0
09/02/2019,9,2,2019,0,0,0,124996,0,0,0,0,507560,0,0,0,0,0,0,0,0
10/02/2019,10,2,2019,0,0,0,60310,0,0,0,0,357210,0,0,0,0,0,0,0,0
11/02/2019,11,2,2019,0,0,0,20904,0,0,0,0,547560,0,0,0,0,0,0,0,0
12/02/2019,12,2,2019,0,0,0,0,0,0,0,0,547560,0,0,0,10000,0,0,0,0
13/02/2019,13,2,2019,0,0,0,38786,0,0,0,0,547560,0,0,0,118404,0,0,5600,0
14/02/2019,14,2,2019,0,0,0,19026,0,0,0,0,547562,0,0,0,118404,0,0,6800,0
15/02/2019,15,2,2019,0,0,0,0,0,0,0,0,547560,0,0,0,118404,0,0,0,0
16/02/2019,16,2,2019,0,0,0,30000,0,0,30832,0,547560,0,0,0,118404,0,0,0,0
17/02/2019,17,2,2019,0,0,0,70000,0,0,0,0,547560,0,0,0,118404,0,0,0,0
18/02/2019,18,2,2019,0,0,0,23400,0,0,18960,0,547560,0,0,0,118404,0,0,20800,0
19/02/2019,19,2,2019,0,0,0,31074,0,0,21884,0,547560,0,0,0,118404,0,0,0,0
20/02/2019,20,2,2019,0,0,0,0,0,0,0,0,547560,0,0,0,118404,0,0,0,0
21/02/2019,21,2,2019,0,0,0,0,0,0,16742,0,547560,0,0,0,158204,0,0,0,0
22/02/2019,22,2,2019,0,45482,0,0,0,0,0,0,547560,0,0,0,158204,0,0,0,0
23/02/2019,23,2,2019,0,0,0,0,0,0,0,0,547560,0,0,0,106432,0,0,0,0
24/02/2019,24,2,2019,0,0,0,0,0,0,0,0,547560,0,0,0,106432,0,0,0,0
25/02/2019,25,2,2019,0,0,0,0,0,0,0,0,547560,0,0,0,106432,0,0,0,0
26/02/2019,26,2,2019,0,0,0,0,0,0,0,0,547560,0,0,0,110224,0,0,0,0
27/02/2019,27,2,2019,0,0,0,95764,0,0,0,0,547560,0,0,0,118404,0,0,0,0
28/02/2019,28,2,2019,0,0,0,52064,5560,0,0,0,547560,0,0,0,118404,0,0,0,0
01/03/2019,1,3,2019,0,0,0,0,0,0,0,0,558934,0,0,0,118404,0,0,0,0
02/03/2019,2,3,2019,0,0,0,0,0,0,0,0,431630,0,0,0,118404,0,0,0,0
03/03/2019,3,3,2019,0,0,0,0,0,0,0,0,558934,0,0,0,118404,0,0,0,0
04/03/2019,4,3,2019,0,0,0,0,0,0,0,0,558934,0,0,0,118404,0,0,0,0
05/03/2019,5,3,2019,0,0,0,0,0,0,0,0,558934,0,0,0,118404,0,0,0,0
06/03/2019,6,3,2019,0,0,0,0,0,0,0,0,513522,0,0,0,163702,0,0,0,0
07/03/2019,7,3,2019,0,0,0,0,0,0,0,0,558934,0,0,0,118404,0,0,0,0
08/03/2019,8,3,2019,0,0,0,0,0,0,0,0,558934,0,0,0,118404,0,0,0,0
09/03/2019,9,3,2019,0,0,9600,30836,20000,0,0,0,558934,0,0,0,118404,0,0,0,0
10/03/2019,10,3,2019,74244,0,24748,0,26000,0,48742,0,558934,0,0,0,118404,0,0,29550,0
11/03/2019,11,3,2019,32000,0,0,0,0,0,0,0,558934,0,0,0,118404,0,0,0,0
12/03/2019,12,3,2019,0,0,0,0,0,0,0,0,558934,0,0,0,118404,0,0,0,0
13/03/2019,13,3,2019,0,0,0,0,0,0,0,0,558934,0,0,0,118404,0,0,0,0
14/03/2019,14,3,2019,0,0,0,0,0,0,0,0,558934,0,0,0,118404,0,0,0,0
15/03/2019,15,3,2019,0,0,0,0,0,0,0,0,558934,0,0,0,118404,0,0,0,0
16/03/2019,16,3,2019,34782,0,0,0,21984,0,0,0,558934,0,0,0,118404,0,0,33990,0
17/03/2019,17,3,2019,0,0,0,22648,27622,0,0,0,558934,0,0,0,118404,0,0,0,0
18/03/2019,18,3,2019,0,0,0,0,0,0,0,0,558934,0,0,0,118404,0,0,0,0
19/03/2019,19,3,2019,0,0,0,0,21000,0,0,0,558934,0,0,0,118404,0,0,0,0
20/03/2019,20,3,2019,0,0,9576,0,0,0,0,0,558934,0,0,0,118404,0,0,0,0
21/03/2019,21,3,2019,146162,0,46422,0,0,0,63032,0,558934,0,0,0,108404,0,0,0,0
22/03/2019,22,3,2019,0,0,0,0,0,0,0,0,558934,0,0,0,118404,0,0,0,0
23/03/2019,23,3,2019,0,0,0,20000,0,0,0,0,558934,0,0,0,118402,0,0,0,0
24/03/2019,24,3,2019,0,0,0,0,0,0,0,0,558934,0,0,0,118404,0,0,0,0
25/03/2019,25,3,2019,60000,0,20000,0,40000,0,0,0,558934,0,0,0,118404,0,0,20000,0
26/03/2019,26,3,2019,0,0,0,0,0,0,0,0,558934,0,0,0,118404,0,0,0,0
27/03/2019,27,3,2019,0,0,0,0,0,0,0,0,558934,0,0,0,118402,0,0,0,0
28/03/2019,28,3,2019,0,0,0,0,0,0,0,0,558934,0,0,0,118404,0,0,0,0
29/03/2019,29,3,2019,0,0,0,0,0,0,0,0,558934,0,0,0,116334,0,0,0,0
30/03/2019,30,3,2019,0,0,0,0,0,0,0,0,558934,0,0,0,116336,0,0,0,0
31/03/2019,31,3,2019,0,0,0,0,0,0,0,0,558934,0,0,0,116336,0,0,0,0
01/04/2019,1,4,2019,0,0,0,0,0,0,0,0,0,0,0,0,0,0,0,0,0
02/04/2019,2,4,2019,0,0,0,0,0,0,0,0,0,0,0,0,0,0,0,0,0
03/04/2019,3,4,2019,0,0,0,0,0,0,0,0,0,0,0,0,0,0,0,0,0
04/04/2019,4,4,2019,0,0,0,0,0,0,0,0,0,0,0,0,0,0,0,0,0
05/04/2019,5,4,2019,0,0,0,33200,0,0,0,0,0,0,0,0,0,0,0,0,0
06/04/2019,6,4,2019,34400,0,0,0,0,0,0,0,0,0,0,0,0,0,0,0,0
07/04/2019,7,4,2019,0,0,0,0,0,0,0,0,0,0,0,0,0,0,0,0,0
08/04/2019,8,4,2019,0,0,0,0,0,0,0,0,0,0,0,0,0,0,0,0,0
09/04/2019,9,4,2019,0,0,0,24000,0,0,56876,0,0,0,0,0,0,0,0,0,0
10/04/2019,10,4,2019,0,0,0,17000,0,0,0,0,0,0,0,0,0,0,0,0,0
11/04/2019,11,4,2019,0,0,0,98600,8000,0,0,0,0,0,0,0,0,0,0,0,0
12/04/2019,12,4,2019,0,0,0,0,0,0,0,0,0,0,0,0,0,0,0,0,0
13/04/2019,13,4,2019,0,0,0,0,0,0,0,0,0,0,0,0,0,0,0,0,0
14/04/2019,14,4,2019,0,0,0,0,0,0,0,0,0,0,0,0,0,0,0,0,0
15/04/2019,15,4,2019,12006,0,61454,30000,0,0,0,0,0,0,0,0,0,0,0,0,0
16/04/2019,16,4,2019,12738,0,0,0,0,0,0,0,0,0,0,0,0,0,0,0,0
17/04/2019,17,4,2019,0,0,0,0,24000,0,0,0,0,0,0,0,0,0,0,0,0
18/04/2019,18,4,2019,0,0,0,68000,0,0,0,0,0,0,0,0,0,0,0,0,0
19/04/2019,19,4,2019,0,0,0,0,0,0,0,0,0,0,0,0,0,0,0,0,0
20/04/2019,20,4,2019,0,0,0,102000,0,0,50230,0,0,0,0,0,0,0,0,0,0
21/04/2019,21,4,2019,0,0,0,105000,0,0,0,0,0,0,0,0,0,0,0,12500,0
22/04/2019,22,4,2019,0,0,0,0,0,0,0,0,0,0,0,0,0,0,0,0,0
23/04/2019,23,4,2019,0,0,0,0,0,0,0,0,0,0,0,0,0,0,0,0,0
24/04/2019,24,4,2019,0,0,0,0,0,0,0,0,0,0,0,0,0,0,0,0,0
25/04/2019,25,4,2019,0,0,0,0,0,0,0,0,0,0,0,0,0,0,0,0,0
26/04/2019,26,4,2019,0,0,0,0,0,0,0,0,0,0,0,0,0,0,0,0,0
27/04/2019,27,4,2019,0,0,20000,0,0,0,2220,0,0,0,0,0,0,0,0,0,0
28/04/2019,28,4,2019,0,31054,0,99868,0,0,40000,0,0,0,0,0,0,0,0,0,0
29/04/2019,29,4,2019,0,0,0,0,0,0,0,0,0,0,0,0,0,0,0,0,0
30/04/2019,30,4,2019,0,0,0,0,0,0,0,0,0,0,0,0,0,0,0,0,0
01/05/2019,1,5,2019,0,0,0,0,0,0,0,0,0,0,0,0,0,0,0,0,0
02/05/2019,2,5,2019,0,0,0,0,0,0,0,0,0,0,0,0,0,0,0,0,0
03/05/2019,3,5,2019,0,0,0,0,0,0,117580,0,0,0,0,0,0,0,0,0,0
04/05/2019,4,5,2019,0,0,0,0,0,0,0,0,0,0,0,0,0,0,0,0,0
05/05/2019,5,5,2019,0,0,0,0,0,0,0,0,0,0,0,0,0,0,0,0,0
06/05/2019,6,5,2019,0,0,0,0,0,0,24568,0,0,0,0,0,0,0,0,0,0
07/05/2019,7,5,2019,106030,0,0,22000,0,0,0,0,0,0,0,0,0,0,0,0,0
08/05/2019,8,5,2019,116126,0,0,0,0,0,0,0,0,0,0,0,0,0,0,0,0
09/05/2019,9,5,2019,0,0,0,38000,0,0,0,0,0,0,0,0,0,0,0,0,0
10/05/2019,10,5,2019,85304,0,0,0,0,0,0,0,0,0,0,0,0,0,0,0,0
11/05/2019,11,5,2019,84782,0,23002,0,0,0,0,0,0,0,0,0,0,0,0,20000,0
12/05/2019,12,5,2019,0,0,0,0,0,0,0,0,0,0,0,0,0,0,0,0,0
13/05/2019,13,5,2019,0,0,0,0,0,0,0,0,0,0,0,0,0,0,0,0,0
14/05/2019,14,5,2019,0,0,0,0,0,0,0,0,0,0,0,0,0,0,0,0,0
15/05/2019,15,5,2019,0,0,0,0,0,0,0,0,0,0,0,0,0,0,0,0,0
16/05/2019,16,5,2019,0,0,0,0,0,0,0,0,0,0,0,0,0,0,0,0,0
17/05/2019,17,5,2019,0,0,0,0,0,0,0,0,0,0,0,0,0,0,0,0,0
18/05/2019,18,5,2019,71532,0,0,120924,0,0,0,0,0,0,0,0,0,0,0,0,0
19/05/2019,19,5,2019,0,0,50000,10000,0,0,0,0,0,0,0,0,0,0,0,0,0
20/05/2019,20,5,2019,0,0,0,0,0,0,0,0,0,0,0,0,0,0,0,0,0
21/05/2019,21,5,2019,0,0,0,0,0,0,0,0,0,0,0,0,0,0,0,0,0
22/05/2019,22,5,2019,0,0,0,0,0,0,0,0,0,0,0,0,0,0,0,0,0
23/05/2019,23,5,2019,0,0,0,0,0,0,0,0,0,0,0,0,0,0,0,0,0
24/05/2019,24,5,2019,0,0,0,0,0,0,0,0,0,0,0,0,0,0,0,0,0
25/05/2019,25,5,2019,0,0,0,0,0,0,0,0,0,0,0,0,0,0,0,0,0
26/05/2019,26,5,2019,48830,0,29200,0,0,0,0,0,0,0,0,0,0,0,0,0,0
27/05/2019,27,5,2019,0,0,0,0,0,0,0,0,0,0,0,0,0,0,0,0,0
28/05/2019,28,5,2019,64000,0,0,0,0,0,0,0,0,0,0,0,0,0,0,0,0
29/05/2019,29,5,2019,0,0,0,0,0,0,0,0,0,0,0,0,0,0,0,0,0
30/05/2019,30,5,2019,0,0,0,0,0,0,0,0,0,0,0,0,0,0,0,0,0
31/05/2019,31,5,2019,0,0,0,0,0,0,0,0,0,0,0,0,0,0,0,0,0
01/06/2019,1,6,2019,0,0,0,0,0,0,0,0,0,0,0,0,0,0,0,0,0
02/06/2019,2,6,2019,0,0,0,0,0,0,0,0,0,0,0,0,0,0,0,0,0
03/06/2019,3,6,2019,0,0,0,0,0,0,0,0,0,0,0,0,0,0,0,0,0
04/06/2019,4,6,2019,0,0,0,0,0,0,0,0,0,0,0,0,0,0,0,0,0
05/06/2019,5,6,2019,0,0,0,0,0,0,0,0,0,0,0,0,0,0,0,0,0
06/06/2019,6,6,2019,0,0,0,0,0,0,0,0,0,0,0,0,0,0,0,0,0
07/06/2019,7,6,2019,0,0,0,0,0,0,0,0,0,0,0,0,0,0,0,0,0
08/06/2019,8,6,2019,0,0,0,0,0,0,85000,0,0,0,0,0,0,0,0,0,0
09/06/2019,9,6,2019,0,0,0,0,0,0,110070,0,0,0,0,0,0,0,0,0,0
10/06/2019,10,6,2019,0,0,0,0,0,0,0,0,0,0,0,0,0,0,0,0,0
11/06/2019,11,6,2019,0,0,0,0,0,0,0,0,0,0,0,0,0,0,0,0,0
12/06/2019,12,6,2019,0,0,0,0,0,0,79800,0,0,0,0,0,0,0,0,0,0
13/06/2019,13,6,2019,0,0,0,0,0,0,0,0,0,0,0,120776,0,0,0,0,0
14/06/2019,14,6,2019,0,0,0,0,0,0,0,0,0,0,0,198382,0,0,0,0,0
15/06/2019,15,6,2019,2,0,0,0,0,0,0,0,0,0,0,303316,0,0,0,0,0
16/06/2019,16,6,2019,67004,0,0,0,0,0,0,0,0,0,0,284480,0,0,0,0,0
17/06/2019,17,6,2019,0,0,0,0,0,0,0,0,0,0,0,289668,56660,0,0,0,0
18/06/2019,18,6,2019,0,0,0,0,0,0,0,0,0,0,0,285118,0,0,0,0,0
19/06/2019,19,6,2019,0,0,0,0,0,0,0,0,0,0,0,725282,0,0,0,0,0
20/06/2019,20,6,2019,0,0,0,0,0,0,0,0,0,0,0,202820,0,0,0,0,0
21/06/2019,21,6,2019,0,0,0,0,0,0,0,0,0,0,0,86378,0,0,0,0,0
22/06/2019,22,6,2019,0,0,0,0,0,0,0,0,0,0,0,227476,0,0,0,0,0
23/06/2019,23,6,2019,0,0,0,0,0,0,0,0,60152,0,0,741936,60000,0,0,0,0
24/06/2019,24,6,2019,0,0,0,0,0,0,0,0,0,0,0,0,0,0,0,0,0
25/06/2019,25,6,2019,0,0,0,0,0,0,0,0,0,0,0,0,368,0,0,0,0
26/06/2019,26,6,2019,0,0,0,0,0,0,0,0,0,0,0,0,49850,0,0,0,0
27/06/2019,27,6,2019,0,0,0,0,0,0,0,0,0,0,0,0,0,0,0,0,0
28/06/2019,28,6,2019,0,0,0,0,0,0,0,0,0,0,0,0,8998,0,0,0,0
29/06/2019,29,6,2019,0,0,0,10000,0,0,50000,0,0,0,0,0,29850,0,0,0,0
30/06/2019,30,6,2019,0,0,0,40000,0,0,70000,0,0,0,0,0,29850,0,0,17552,0
01/07/2019,1,7,2019,22748,0,0,0,25000,0,0,0,0,0,0,208520,0,0,0,0,0
02/07/2019,2,7,2019,28434,0,0,0,0,0,0,0,0,0,0,208524,0,0,0,0,0
03/07/2019,3,7,2019,0,0,0,0,0,0,0,0,0,0,0,208580,0,0,0,0,0
04/07/2019,4,7,2019,0,0,0,0,0,0,0,0,0,0,0,0,0,0,0,0,0
05/07/2019,5,7,2019,0,0,0,58000,0,0,60000,0,0,0,0,0,0,0,0,0,0
06/07/2019,6,7,2019,0,0,0,0,0,0,0,0,0,0,0,0,0,0,0,0,0
07/07/2019,7,7,2019,0,0,0,0,0,0,0,0,0,0,0,0,0,0,0,0,0
08/07/2019,8,7,2019,0,0,0,0,0,0,0,0,0,0,0,0,0,0,0,0,0
09/07/2019,9,7,2019,0,0,0,40000,0,0,0,0,0,0,0,0,0,0,0,0,0
10/07/2019,10,7,2019,0,0,0,80000,0,0,0,0,0,0,0,0,0,0,0,0,0
11/07/2019,11,7,2019,0,0,0,0,0,0,0,0,0,0,0,0,0,0,0,0,0
12/07/2019,12,7,2019,0,0,0,160000,0,0,0,0,0,0,0,0,0,0,0,0,0
13/07/2019,13,7,2019,0,0,0,148168,35638,0,0,0,0,0,0,0,0,0,0,0,0
14/07/2019,14,7,2019,0,0,0,0,148168,0,0,0,0,0,0,0,0,0,0,0,0
15/07/2019,15,7,2019,0,0,0,158168,0,0,0,0,0,0,0,0,0,0,0,0,0
16/07/2019,16,7,2019,0,0,0,0,0,0,0,0,0,0,0,0,0,0,0,0,0
17/07/2019,17,7,2019,0,0,0,0,0,0,0,0,0,0,0,0,0,0,0,0,0
18/07/2019,18,7,2019,0,0,0,136000,0,0,0,0,0,0,0,0,0,0,0,0,0
19/07/2019,19,7,2019,0,0,0,5800,0,0,0,0,0,0,0,0,0,0,0,0,0
20/07/2019,20,7,2019,0,0,0,0,0,0,28898,0,0,0,0,0,0,0,0,0,0
21/07/2019,21,7,2019,0,0,0,0,0,0,52000,0,0,0,0,0,0,0,0,0,0
22/07/2019,22,7,2019,32000,0,0,0,0,0,0,0,0,0,0,0,0,0,0,0,0
23/07/2019,23,7,2019,0,0,0,0,0,0,37916,0,0,0,0,0,0,0,0,0,0
24/07/2019,24,7,2019,0,0,0,0,0,0,0,0,0,0,0,0,0,0,0,0,0
25/07/2019,25,7,2019,0,0,0,0,0,0,0,0,0,0,0,0,0,0,0,0,0
26/07/2019,26,7,2019,0,0,0,0,138000,0,0,0,0,0,0,0,0,0,0,0,0
27/07/2019,27,7,2019,0,0,0,0,0,0,0,0,0,0,0,0,0,0,0,0,0
28/07/2019,28,7,2019,0,0,0,0,0,0,0,0,0,0,0,0,0,0,0,0,0
29/07/2019,29,7,2019,0,0,0,0,0,0,0,0,0,0,0,0,0,0,0,0,0
30/07/2019,30,7,2019,0,0,0,0,107348,0,0,0,0,0,0,0,0,0,0,0,0
31/07/2019,31,7,2019,0,0,0,0,0,0,0,0,0,0,0,0,0,0,0,0,0
01/08/2019,1,8,2019,0,0,0,0,0,0,0,0,0,0,0,0,0,0,0,0,0
02/08/2019,2,8,2019,0,0,0,0,0,0,0,0,18000,0,0,0,0,0,0,0,0
03/08/2019,3,8,2019,0,0,0,0,0,0,0,0,18000,0,0,0,0,0,0,0,0
04/08/2019,4,8,2019,0,0,0,0,0,0,0,0,18000,0,0,0,0,0,0,0,0
05/08/2019,5,8,2019,0,0,0,0,0,0,0,0,18000,0,0,0,0,0,0,0,0
06/08/2019,6,8,2019,0,0,0,0,0,0,0,0,0,0,0,0,0,0,0,0,0
07/08/2019,7,8,2019,0,0,0,0,0,0,0,0,0,0,0,0,0,0,0,0,0
08/08/2019,8,8,2019,0,0,0,0,0,0,0,0,18000,0,0,0,0,0,0,0,0
09/08/2019,9,8,2019,0,0,0,0,0,0,0,0,0,0,0,0,0,0,0,0,0
10/08/2019,10,8,2019,0,0,0,0,0,0,0,0,0,0,0,0,0,0,0,0,0
11/08/2019,11,8,2019,0,0,0,0,0,0,0,0,0,0,0,0,0,0,0,0,0
12/08/2019,12,8,2019,45354,0,0,0,0,0,0,0,0,0,0,0,0,0,0,0,0
13/08/2019,13,8,2019,0,0,0,0,0,0,0,0,18000,0,0,0,0,0,0,0,0
14/08/2019,14,8,2019,0,0,0,0,0,0,0,0,0,0,0,0,0,0,0,0,0
15/08/2019,15,8,2019,0,0,0,0,0,0,0,0,0,0,0,0,0,0,0,0,0
16/08/2019,16,8,2019,0,0,0,0,0,0,0,0,0,0,0,0,56272,0,0,0,0
17/08/2019,17,8,2019,0,0,0,0,0,0,0,0,0,0,0,0,16412,0,0,0,0
18/08/2019,18,8,2019,0,0,0,0,0,0,0,0,0,0,0,0,16412,0,0,0,0
19/08/2019,19,8,2019,0,0,0,10000,0,0,0,0,0,0,0,0,16412,0,0,0,0
20/08/2019,20,8,2019,0,0,0,0,0,0,0,0,0,0,0,0,86194,0,0,0,0
21/08/2019,21,8,2019,0,0,0,86236,0,0,0,0,0,0,0,0,82272,0,0,0,0
22/08/2019,22,8,2019,0,0,0,0,0,0,0,0,0,0,0,0,48376,0,0,0,0
23/08/2019,23,8,2019,0,0,0,0,0,0,0,0,0,0,0,0,24830,0,0,0,0
24/08/2019,24,8,2019,0,0,30000,96000,0,0,49456,0,0,0,0,0,49426,0,0,0,0
25/08/2019,25,8,2019,0,0,0,0,0,0,0,0,0,0,0,0,49426,0,0,0,0
26/08/2019,26,8,2019,0,0,0,0,0,0,0,0,0,0,0,0,29102,0,0,0,0
27/08/2019,27,8,2019,0,0,51188,0,0,0,0,0,4018,0,0,0,84404,0,0,0,0
28/08/2019,28,8,2019,0,0,0,0,0,0,0,0,0,0,0,0,95868,0,0,0,0
29/08/2019,29,8,2019,0,0,0,0,0,0,0,0,0,0,0,0,53220,0,0,0,0
30/08/2019,30,8,2019,0,0,0,0,0,0,0,0,0,0,0,0,90088,0,0,0,0
31/08/2019,31,8,2019,0,0,0,0,0,0,0,0,0,0,0,0,86168,0,0,0,0
01/09/2019,1,9,2019,0,34210,0,168034,36016,0,0,0,0,0,0,0,46692,0,0,0,0
02/09/2019,2,9,2019,0,6210,18956,189832,36016,0,45196,0,0,0,0,0,46690,0,0,0,0
03/09/2019,3,9,2019,0,0,27540,134104,0,0,65208,0,0,0,0,157060,0,0,0,0,0
04/09/2019,4,9,2019,0,0,0,0,0,0,0,0,0,0,0,155888,0,0,0,0,0
05/09/2019,5,9,2019,0,0,29236,0,0,0,0,0,0,0,0,136256,0,0,0,0,0
06/09/2019,6,9,2019,0,0,0,0,0,0,50026,0,0,0,0,100000,0,0,0,0,0
07/09/2019,7,9,2019,0,0,11260,0,0,0,0,0,0,0,0,100000,0,0,0,0,0
08/09/2019,8,9,2019,0,0,0,0,0,0,0,0,0,0,0,100000,0,0,0,0,0
09/09/2019,9,9,2019,0,0,0,8334,0,0,0,0,0,0,0,100000,0,0,0,0,0
10/09/2019,10,9,2019,0,0,0,0,0,0,11926,0,0,0,0,0,0,0,0,0,0
11/09/2019,11,9,2019,0,0,0,0,0,0,40000,0,0,0,0,0,0,0,0,0,0
12/09/2019,12,9,2019,0,0,0,0,0,0,10000,0,0,0,0,0,0,0,0,0,0
13/09/2019,13,9,2019,0,0,0,0,0,0,40000,0,0,0,0,0,0,0,0,0,0
14/09/2019,14,9,2019,0,0,6072,4604,0,0,9478,0,0,0,0,0,12378,0,0,0,0
15/09/2019,15,9,2019,101280,0,18956,39932,0,0,0,0,0,0,0,0,12378,0,0,0,0
16/09/2019,16,9,2019,0,0,37912,35596,0,0,0,0,541916,0,0,0,12378,0,0,16492,0
17/09/2019,17,9,2019,0,0,3468,0,56868,0,0,0,0,0,0,1208764,0,0,0,0,0
18/09/2019,18,9,2019,0,0,0,54000,0,0,0,0,10204,0,0,1262784,10000,0,0,0,0
19/09/2019,19,9,2019,0,0,0,217080,26538,0,0,0,0,0,0,1034284,14000,0,0,0,0
20/09/2019,20,9,2019,0,0,0,0,0,0,0,0,0,0,0,1058924,0,0,0,0,0
21/09/2019,21,9,2019,0,0,0,175852,0,0,15166,0,0,0,0,965446,0,0,0,0,0
22/09/2019,22,9,2019,49286,0,9772,197200,0,0,55740,0,0,0,0,1720248,0,0,0,0,0
23/09/2019,23,9,2019,0,0,0,240330,0,0,47390,0,0,0,0,965446,0,0,0,0,0
24/09/2019,24,9,2019,0,0,0,28070,31930,0,0,0,2,0,0,1072468,0,0,0,0,0
25/09/2019,25,9,2019,0,0,0,0,46000,0,0,0,0,0,0,1134264,0,0,0,0,0
26/09/2019,26,9,2019,64000,47234,0,0,0,0,0,0,13296,0,0,1096580,52378,0,0,0,0
27/09/2019,27,9,2019,0,0,0,0,20000,0,0,0,0,0,0,1017746,52378,0,0,0,0
28/09/2019,28,9,2019,30000,0,0,0,0,0,0,0,0,0,0,1199066,41984,0,0,0,0
29/09/2019,29,9,2019,108050,0,7950,0,0,0,0,0,0,0,0,1199064,57694,0,0,0,0
30/09/2019,30,9,2019,0,0,60000,0,0,0,0,0,0,0,0,1199064,42688,0,0,0,0
01/10/2019,1,10,2019,0,2,0,0,0,0,0,0,1307724,0,0,1461918,604020,0,0,0,0
02/10/2019,2,10,2019,0,2,0,0,0,0,0,0,1248626,0,0,1407194,581220,0,0,0,0
03/10/2019,3,10,2019,0,2,0,183224,0,0,0,0,1058898,0,0,1445350,649242,0,0,0,0
04/10/2019,4,10,2019,0,20000,0,0,0,0,0,0,1175896,0,0,1440000,776244,0,0,0,0
05/10/2019,5,10,2019,0,18568,0,105546,0,0,0,0,1023178,0,0,1319138,673682,0,0,0,0
06/10/2019,6,10,2019,0,0,0,122094,19004,0,0,0,1023178,0,0,1319138,696100,0,0,0,0
07/10/2019,7,10,2019,0,57000,0,0,0,0,0,0,1023178,0,0,1319138,683610,0,0,0,0
08/10/2019,8,10,2019,0,74274,0,0,0,0,0,0,1176526,0,0,1306112,674066,0,0,0,0
09/10/2019,9,10,2019,0,49294,0,0,0,0,0,0,1153332,0,0,1231596,697162,0,0,0,0
10/10/2019,10,10,2019,0,40000,0,0,0,0,0,0,1160650,0,0,1248984,694430,0,0,0,0
11/10/2019,11,10,2019,0,0,0,0,0,0,0,0,955146,0,0,1263412,696974,0,0,0,0
12/10/2019,12,10,2019,0,7058,0,0,0,0,0,0,1023178,0,0,1161920,694430,0,0,0,0
13/10/2019,13,10,2019,0,33528,0,0,0,0,0,0,1023178,0,0,1161918,691918,0,0,0,0
14/10/2019,14,10,2019,0,34000,0,0,0,0,0,0,1023178,0,0,1161918,694432,0,0,0,0
15/10/2019,15,10,2019,0,0,0,0,0,0,0,0,1049496,0,0,1307630,693292,0,0,0,0
16/10/2019,16,10,2019,0,0,0,0,0,0,0,0,1043178,0,0,1334200,662358,0,0,0,0
17/10/2019,17,10,2019,6200,0,0,306000,0,0,119186,0,1042118,0,0,1321684,654268,0,0,0,0
18/10/2019,18,10,2019,70000,76438,0,170000,0,0,18000,0,1023176,0,0,1320000,658058,0,0,0,0
19/10/2019,19,10,2019,28432,30000,10664,256552,0,0,32000,0,1142604,0,0,1260000,547230,0,0,0,0
20/10/2019,20,10,2019,0,0,0,130000,50000,0,10000,0,1142604,0,0,1260000,547230,0,0,0,0
21/10/2019,21,10,2019,0,0,0,104000,0,0,68800,0,1029130,0,0,1260000,581192,0,0,0,0
22/10/2019,22,10,2019,28000,0,0,0,0,0,30000,0,1123178,0,0,1300000,686514,0,0,0,0
23/10/2019,23,10,2019,0,0,0,0,0,0,244000,0,1039718,0,0,1367064,675688,0,0,0,0
24/10/2019,24,10,2019,0,0,0,80000,0,0,60000,0,1103178,0,0,1340000,683612,0,0,0,0
25/10/2019,25,10,2019,0,30000,0,106000,0,0,0,0,929422,0,0,1341426,632412,0,0,44000,0
26/10/2019,26,10,2019,0,0,0,0,0,0,0,0,1003178,0,0,1320000,657940,0,0,0,0
27/10/2019,27,10,2019,0,2,0,180000,0,0,0,0,1003178,0,0,1320000,660698,0,0,0,0
28/10/2019,28,10,2019,0,0,0,50000,0,0,100000,0,1003178,0,0,1320000,660700,0,0,0,0
29/10/2019,29,10,2019,62000,27776,0,0,0,0,0,0,360422,0,0,1348360,622404,0,0,0,0
30/10/2019,30,10,2019,0,65304,0,47000,0,0,0,0,1012368,0,0,1345000,561420,0,0,0,0
31/10/2019,31,10,2019,0,24000,0,0,0,0,0,0,1074850,0,0,1291430,553780,0,0,0,0
01/11/2019,1,11,2019,0,0,0,0,0,0,0,0,849482,0,0,1118538,452518,0,0,0,0
02/11/2019,2,11,2019,0,0,0,30000,0,0,0,0,1000000,0,0,1482028,517570,0,0,0,0
03/11/2019,3,11,2019,21494,0,0,80000,30000,0,0,0,1000000,0,0,1486712,517570,0,0,0,0
04/11/2019,4,11,2019,20000,0,0,80000,62600,0,0,0,992646,0,0,1480728,527106,0,0,0,0
05/11/2019,5,11,2019,0,0,0,0,0,0,0,0,919004,0,0,1460000,560466,0,0,0,0
06/11/2019,6,11,2019,0,0,0,0,30000,0,20000,0,879004,0,0,1468466,551264,0,0,0,0
07/11/2019,7,11,2019,57692,0,0,60000,20000,0,8000,0,879006,0,0,1462206,555076,0,0,0,0
08/11/2019,8,11,2019,26200,0,0,0,0,0,0,0,879004,0,0,1500000,552446,0,0,0,0
09/11/2019,9,11,2019,28606,0,0,40000,40000,0,38000,0,847938,0,0,1423108,665444,0,0,0,0
10/11/2019,10,11,2019,0,0,0,40000,20000,0,0,0,968934,0,0,1500000,584956,0,0,0,0
11/11/2019,11,11,2019,0,0,0,0,0,0,0,0,968934,0,0,1500000,587392,0,0,0,0
12/11/2019,12,11,2019,14708,0,7642,80000,0,0,118138,0,1100000,0,0,1433998,660164,0,0,0,12312
13/11/2019,13,11,2019,0,0,0,20000,8000,0,38000,0,1296146,0,0,1560000,658992,0,0,0,0
14/11/2019,14,11,2019,0,0,0,0,0,0,40000,0,1180000,0,0,1700000,616106,0,0,0,0
15/11/2019,15,11,2019,2200,0,0,50000,0,0,0,0,1200000,0,0,1690000,608476,0,0,0,0
16/11/2019,16,11,2019,0,0,0,0,20000,0,0,0,1200000,0,0,1500000,588134,0,0,0,0
17/11/2019,17,11,2019,0,0,0,0,0,0,0,0,1200000,0,0,1500000,588134,0,0,0,0
18/11/2019,18,11,2019,70000,0,0,0,0,0,0,0,1215778,0,0,1500000,588132,0,0,0,0
19/11/2019,19,11,2019,50000,0,0,53628,10000,0,0,0,1199066,0,0,1500000,553168,0,0,0,12816
20/11/2019,20,11,2019,0,0,0,128000,0,0,0,0,1180000,0,0,1500000,539820,0,0,0,38900
21/11/2019,21,11,2019,0,19238,0,60000,68600,0,59938,0,1100000,0,0,1400000,536004,0,0,0,2166
22/11/2019,22,11,2019,0,0,0,0,0,0,0,0,1100000,0,0,1400000,554274,0,0,0,0
23/11/2019,23,11,2019,0,0,0,30000,0,0,0,0,1000000,0,0,1500000,552536,0,0,0,0
24/11/2019,24,11,2019,0,0,0,0,0,0,50000,0,1000000,0,0,1500000,552536,0,0,17000,0
25/11/2019,25,11,2019,0,0,0,38000,0,0,0,0,999998,0,0,1500000,552536,0,0,0,0
26/11/2019,26,11,2019,0,0,0,92000,65034,0,0,0,1030000,0,0,1500000,534092,0,0,0,0
27/11/2019,27,11,2019,0,0,0,80000,83960,0,0,0,1050000,0,0,1554000,556030,0,0,0,0
28/11/2019,28,11,2019,0,0,0,20000,80000,0,70000,0,1050000,0,0,1554000,540772,0,0,0,0
29/11/2019,29,11,2019,0,0,0,20000,40000,0,30000,0,1050000,0,0,1554000,514072,0,0,0,0
30/11/2019,30,11,2019,89764,0,0,50000,50000,0,0,0,889106,0,0,1554000,574438,0,0,0,28734
01/12/2019,1,12,2019,0,0,0,84000,60000,0,76200,0,1068000,0,0,1355178,586770,0,0,0,32470
02/12/2019,2,12,2019,0,0,0,62600,80000,0,60000,0,1068000,0,0,1355178,586672,0,0,0,0
03/12/2019,3,12,2019,0,0,0,0,0,0,0,0,998000,0,0,1445178,590580,0,0,0,0
04/12/2019,4,12,2019,0,0,0,0,0,0,0,0,0,0,0,1303634,590580,0,0,0,43824
05/12/2019,5,12,2019,60818,0,0,40000,33638,0,0,0,1138000,0,0,1445178,600108,0,0,0,0
06/12/2019,6,12,2019,0,0,0,0,30000,0,60000,0,0,0,0,0,0,0,0,0,0
07/12/2019,7,12,2019,0,0,0,0,0,0,26000,0,0,0,0,0,0,0,0,0,0
08/12/2019,8,12,2019,0,0,0,0,0,0,5000,0,0,0,0,0,0,0,0,0,57900
09/12/2019,9,12,2019,0,0,0,0,80000,0,30000,0,0,0,0,0,0,0,0,0,53710
10/12/2019,10,12,2019,0,0,0,20000,20000,0,34000,0,0,0,0,0,0,0,0,36000,51656
11/12/2019,11,12,2019,0,0,0,0,0,0,0,0,0,0,0,0,0,0,0,0,0
12/12/2019,12,12,2019,50000,0,12000,0,80000,0,0,0,0,0,0,0,0,0,0,0,39784
13/12/2019,13,12,2019,0,0,0,0,60000,0,0,0,0,0,0,0,0,0,0,0,34846
14/12/2019,14,12,2019,0,0,0,0,30000,0,40000,0,0,0,0,0,0,0,0,0,16000
15/12/2019,15,12,2019,0,0,0,0,0,0,0,0,0,0,0,0,0,0,0,0,16000
16/12/2019,16,12,2019,0,0,0,0,20000,0,0,0,0,0,0,0,0,0,0,0,16000
17/12/2019,17,12,2019,0,0,0,0,0,0,30000,0,0,0,0,0,0,0,0,30000,5992
18/12/2019,18,12,2019,0,0,0,0,50000,0,0,0,0,0,0,0,0,0,0,0,15768
19/12/2019,19,12,2019,0,0,0,0,40000,0,0,0,0,0,0,0,0,0,0,0,16000
20/12/2019,20,12,2019,0,0,0,0,30000,0,0,0,0,0,0,0,0,0,0,8000,16000
21/12/2019,21,12,2019,0,0,0,4000,30000,0,0,0,0,0,0,0,0,0,0,0,16000
22/12/2019,22,12,2019,0,0,0,0,30000,0,0,0,0,0,0,0,0,0,0,20000,16000
23/12/2019,23,12,2019,0,0,0,0,60000,0,0,0,0,0,0,0,0,0,0,0,16000
24/12/2019,24,12,2019,0,0,0,0,300000,0,0,0,0,0,0,0,0,0,0,0,16000
25/12/2019,25,12,2019,0,0,0,0,20000,0,0,0,0,0,0,0,0,0,0,0,16000
26/12/2019,26,12,2019,0,0,0,0,30000,0,8000,0,0,0,0,0,0,0,0,0,16000
27/12/2019,27,12,2019,0,0,0,0,0,0,0,0,0,0,0,0,0,0,0,0,16000
28/12/2019,28,12,2019,0,0,0,0,0,0,40000,0,0,0,0,0,0,0,0,0,16000
29/12/2019,29,12,2019,0,0,0,0,0,0,39904,0,0,0,0,0,0,0,0,30000,16000
30/12/2019,30,12,2019,0,0,0,60000,111400,0,30000,0,0,0,0,0,0,0,0,0,16000
31/12/2019,31,12,2019,0,0,0,0,40000,0,35000,0,0,0,0,0,0,0,0,0,15984
01/01/2020,1,1,2020,0,0,0,0,98084,0,70000,0,0,0,0,0,0,0,0,0,16000
02/01/2020,2,1,2020,0,0,0,0,0,0,50000,0,0,0,0,120000,40000,0,0,0,16000
03/01/2020,3,1,2020,0,0,0,0,35400,0,0,0,0,0,0,0,0,0,0,0,16000
04/01/2020,4,1,2020,0,0,0,0,60000,0,0,0,0,0,0,0,0,0,0,0,16000
05/01/2020,5,1,2020,0,0,0,0,0,0,20000,0,0,0,0,0,0,0,0,0,12392
06/01/2020,6,1,2020,0,0,0,47200,0,0,7800,0,0,0,0,78594,0,0,0,0,16000
07/01/2020,7,1,2020,0,0,0,33200,25600,0,0,0,0,0,0,0,0,0,0,0,20944
08/01/2020,8,1,2020,0,0,0,100400,20000,0,50000,0,0,0,0,0,0,0,0,64000,16000
09/01/2020,9,1,2020,0,0,25000,0,74000,0,0,0,0,0,0,0,0,0,0,0,4886
10/01/2020,10,1,2020,39006,0,0,0,0,0,0,0,0,0,0,0,0,0,0,0,49336
11/01/2020,11,1,2020,0,0,0,0,0,0,0,0,0,0,0,0,0,0,0,0,41142
12/01/2020,12,1,2020,0,0,0,0,40000,0,0,0,0,0,0,0,0,0,0,0,27882
13/01/2020,13,1,2020,0,0,0,114000,10000,0,46000,0,0,0,0,0,0,0,0,0,24982
14/01/2020,14,1,2020,0,0,0,0,0,0,68000,0,0,0,0,0,80332,0,0,0,16000
15/01/2020,15,1,2020,0,0,0,9914,80000,0,0,0,0,0,0,138332,0,0,0,20000,15794
16/01/2020,16,1,2020,0,0,0,30000,0,0,0,0,0,0,0,0,0,0,0,0,14998
17/01/2020,17,1,2020,28030,0,0,56000,0,0,0,0,0,0,0,0,0,10000,0,0,33430
18/01/2020,18,1,2020,0,0,0,0,40000,0,63998,0,0,0,0,0,0,100000,0,0,16000
19/01/2020,19,1,2020,16000,0,0,0,20000,0,116000,0,0,0,0,0,0,100000,0,0,25666
20/01/2020,20,1,2020,20000,0,0,67200,80000,0,0,0,0,0,0,0,0,20000,0,0,16000
21/01/2020,21,1,2020,11878,0,0,148122,20000,0,9998,0,0,0,0,0,28550,10000,0,0,15362
22/01/2020,22,1,2020,20000,0,0,0,0,0,40000,0,0,0,0,0,0,20000,0,0,16000
23/01/2020,23,1,2020,0,0,0,70000,0,0,0,0,0,0,0,0,0,0,0,0,24666
24/01/2020,24,1,2020,22000,0,0,60000,0,0,0,0,0,0,0,0,0,0,0,0,16000
25/01/2020,25,1,2020,10000,0,0,120000,40000,0,0,0,0,0,0,0,0,0,0,36000,16000
26/01/2020,26,1,2020,0,0,0,100000,50000,0,0,0,0,0,0,0,0,0,0,60000,16000
27/01/2020,27,1,2020,20000,0,0,46000,160000,0,0,0,0,0,0,0,0,0,0,0,16000
28/01/2020,28,1,2020,22000,0,0,28000,0,18000,0,0,0,0,0,0,0,0,0,0,16000
29/01/2020,29,1,2020,0,0,0,0,30000,0,9998,0,0,0,0,0,0,0,0,0,19218
30/01/2020,30,1,2020,0,0,0,0,20242,0,0,0,0,0,0,0,0,0,0,0,45382
31/01/2020,31,1,2020,0,60000,0,0,38602,0,0,0,0,0,0,0,0,0,0,0,24348
01/02/2020,1,2,2020,0,0,0,57400,8600,0,0,0,0,0,0,0,0,0,0,0,0
02/02/2020,2,2,2020,19000,0,0,50400,190000,0,0,0,0,0,0,0,0,0,0,22600,0
03/02/2020,3,2,2020,0,0,0,106000,120000,0,0,0,0,0,0,0,0,0,0,31500,0
04/02/2020,4,2,2020,0,0,0,54000,0,0,0,0,0,0,0,0,0,0,0,0,0
05/02/2020,5,2,2020,0,0,0,50000,110000,0,0,0,0,0,0,0,0,0,0,0,0
06/02/2020,6,2,2020,0,0,0,0,101800,0,39994,0,0,0,0,0,0,0,0,0,0
07/02/2020,7,2,2020,0,0,0,0,0,0,20000,0,0,0,0,0,0,0,0,40000,0
08/02/2020,8,2,2020,0,0,0,180000,0,0,20000,0,0,0,0,0,0,0,0,40000,0
09/02/2020,9,2,2020,0,0,0,188000,0,0,28000,0,0,0,0,0,0,0,0,94000,0
10/02/2020,10,2,2020,0,0,0,46000,60000,0,80000,0,0,0,0,141172,0,0,0,94000,0
11/02/2020,11,2,2020,0,0,0,14000,66000,0,0,0,0,0,0,0,29850,0,0,0,0
12/02/2020,12,2,2020,0,0,0,15000,100000,0,0,0,0,0,0,98956,0,0,0,18000,0
13/02/2020,13,2,2020,0,0,0,0,0,0,0,0,0,0,0,170000,0,0,0,0,0
14/02/2020,14,2,2020,0,0,0,40000,20000,0,0,0,8370,0,0,214000,0,0,0,0,0
15/02/2020,15,2,2020,0,0,0,0,80000,0,0,0,0,0,0,0,0,0,0,84000,0
16/02/2020,16,2,2020,0,0,0,0,220000,0,0,0,0,0,0,0,0,0,0,0,0
17/02/2020,17,2,2020,0,0,0,0,70000,0,18000,0,0,0,0,0,0,0,0,0,0
18/02/2020,18,2,2020,0,0,0,53000,74000,0,0,0,0,0,0,0,0,0,0,0,0
19/02/2020,19,2,2020,0,0,0,0,0,0,0,0,0,0,0,0,0,0,0,0,0
20/02/2020,20,2,2020,20000,0,0,20000,0,0,0,0,0,0,0,0,0,0,0,0,0
21/02/2020,21,2,2020,0,0,0,0,100000,0,30000,0,0,0,0,0,47538,0,0,0,0
22/02/2020,22,2,2020,0,0,0,0,50000,0,40000,0,0,0,0,0,0,0,0,38000,0
23/02/2020,23,2,2020,0,0,0,0,0,0,30000,0,0,0,0,0,0,0,0,0,0
24/02/2020,24,2,2020,0,0,0,0,72000,0,0,0,0,0,0,0,0,0,0,0,0
25/02/2020,25,2,2020,0,0,0,54000,190000,0,79600,0,0,0,0,0,0,0,0,0,0
26/02/2020,26,2,2020,0,0,0,0,40000,0,21432,0,0,0,0,0,0,0,0,0,0
27/02/2020,27,2,2020,0,0,0,0,0,0,12000,0,0,0,0,0,0,0,0,0,0
28/02/2020,28,2,2020,7000,0,0,0,0,0,0,0,0,0,0,0,0,0,0,0,0
29/02/2020,29,2,2020,0,0,0,90000,52000,0,0,0,0,0,0,0,0,0,0,0,0
01/03/2020,1,3,2020,0,0,0,96000,80000,0,0,0,0,0,0,0,0,0,0,0,0
02/03/2020,2,3,2020,0,0,0,0,0,0,45846,0,0,0,0,0,0,0,0,0,0
03/03/2020,3,3,2020,0,0,0,0,0,0,41708,0,0,0,0,0,28486,0,0,0,0
04/03/2020,4,3,2020,0,0,0,33000,0,0,0,0,0,0,0,0,0,0,0,0,0
05/03/2020,5,3,2020,50000,0,0,0,0,0,0,0,105886,0,0,0,0,0,0,0,0
06/03/2020,6,3,2020,0,0,0,0,32000,0,0,0,0,0,0,0,0,0,0,0,0
07/03/2020,7,3,2020,0,0,0,0,30000,0,0,0,0,0,0,0,0,0,0,0,0
08/03/2020,8,3,2020,0,0,0,0,39000,0,0,0,0,0,0,0,0,0,0,0,0
09/03/2020,9,3,2020,0,0,0,0,40000,0,0,0,0,0,0,0,0,0,0,0,0
10/03/2020,10,3,2020,0,0,0,51400,0,0,0,0,212438,0,0,0,0,0,0,0,0
11/03/2020,11,3,2020,0,0,0,0,0,0,0,0,0,0,0,0,0,0,0,0,0
12/03/2020,12,3,2020,0,0,0,0,58000,0,0,0,0,0,0,0,0,0,0,0,0
13/03/2020,13,3,2020,10000,0,0,40000,10000,0,0,0,67692,0,0,0,0,0,0,34000,0
14/03/2020,14,3,2020,0,0,0,22000,56200,0,0,0,0,0,0,0,0,0,0,0,0
15/03/2020,15,3,2020,0,0,0,46000,55400,0,0,0,0,0,0,0,0,0,0,0,0
16/03/2020,16,3,2020,0,0,0,0,0,0,0,0,0,0,0,0,0,0,0,0,0
17/03/2020,17,3,2020,0,0,0,111000,0,0,0,0,0,0,0,0,0,0,0,0,0
18/03/2020,18,3,2020,0,0,0,124000,0,0,0,0,0,0,0,0,0,0,0,0,0
19/03/2020,19,3,2020,0,0,0,160000,44000,0,20000,0,0,0,0,0,0,0,0,0,0
20/03/2020,20,3,2020,0,0,0,80000,0,0,0,0,0,0,0,0,126840,0,0,0,0
21/03/2020,21,3,2020,0,0,0,50000,0,50000,0,0,0,0,0,0,45510,0,0,0,0
22/03/2020,22,3,2020,16000,0,46000,80000,30000,0,0,0,0,0,0,0,0,0,0,0,0
23/03/2020,23,3,2020,6000,0,0,0,0,0,20000,0,0,0,0,0,0,0,0,0,0
24/03/2020,24,3,2020,0,0,35000,59500,24000,0,0,0,0,0,0,66346,0,0,0,0,4000
25/03/2020,25,3,2020,0,0,0,46000,14000,0,14124,0,0,0,0,0,49872,0,0,0,0
26/03/2020,26,3,2020,0,0,0,0,0,0,22000,6000,0,0,0,0,0,0,0,0,0
27/03/2020,27,3,2020,0,0,0,0,0,0,0,0,0,0,0,0,33798,0,0,0,0
28/03/2020,28,3,2020,14000,0,0,116000,0,0,0,0,0,0,0,0,40810,0,0,0,0
29/03/2020,29,3,2020,0,0,0,86000,0,0,0,0,0,0,0,0,74000,0,0,0,0
30/03/2020,30,3,2020,0,0,0,68000,0,0,53366,0,0,0,0,0,137396,0,0,0,0
31/03/2020,31,3,2020,0,0,0,130000,0,0,952,0,0,0,0,0,0,0,0,0,0
01/04/2020,1,4,2020,0,0,0,56000,24000,0,59998,0,89154,0,0,0,0,0,0,0,20000
02/04/2020,2,4,2020,0,0,0,60000,24000,0,20000,0,0,0,0,47930,0,0,0,0,0
03/04/2020,3,4,2020,0,0,0,0,10000,0,20000,0,0,0,0,0,0,0,0,0,0
04/04/2020,4,4,2020,0,0,0,0,0,0,0,0,0,0,0,0,0,0,0,16000,0
05/04/2020,5,4,2020,0,0,0,110000,10000,0,24000,0,0,0,0,0,0,0,0,30000,0
06/04/2020,6,4,2020,0,0,0,0,50000,0,0,0,0,0,0,0,0,0,0,0,0
07/04/2020,7,4,2020,0,0,0,0,0,0,0,0,0,0,0,0,0,0,0,0,0
08/04/2020,8,4,2020,0,0,0,38000,0,0,0,0,0,0,0,0,0,0,0,0,0
09/04/2020,9,4,2020,0,0,0,60000,0,0,26200,0,0,0,0,0,67610,0,0,0,0
10/04/2020,10,4,2020,0,0,0,0,0,0,37000,0,0,0,0,0,0,0,0,0,0
11/04/2020,11,4,2020,0,0,0,18000,0,0,40000,0,0,0,0,0,0,0,0,0,0
12/04/2020,12,4,2020,0,12698,0,0,0,0,45000,0,0,0,0,0,0,0,0,0,0
13/04/2020,13,4,2020,0,0,0,63800,0,0,0,0,0,0,0,0,14926,0,0,0,0
14/04/2020,14,4,2020,0,0,0,153000,0,0,0,0,0,0,0,0,0,0,0,0,0
15/04/2020,15,4,2020,0,0,0,0,60000,0,0,0,0,0,0,0,0,0,0,0,0
16/04/2020,16,4,2020,0,0,0,40000,30000,0,0,0,0,0,0,0,0,0,0,0,0
17/04/2020,17,4,2020,0,0,0,0,0,0,0,0,0,0,0,0,0,0,0,0,0
18/04/2020,18,4,2020,0,0,0,110000,0,0,0,0,0,0,0,0,0,0,0,0,0
19/04/2020,19,4,2020,0,0,0,0,30000,0,0,0,0,0,0,0,0,0,0,0,0
20/04/2020,20,4,2020,0,0,0,13000,40000,0,0,0,0,0,0,0,80142,0,0,0,0
21/04/2020,21,4,2020,0,0,0,14000,20000,0,0,0,10000,0,0,207476,0,0,0,0,0
22/04/2020,22,4,2020,0,0,0,20000,130000,0,16002,0,0,0,0,0,0,0,0,0,0
23/04/2020,23,4,2020,0,0,0,0,10000,0,0,0,179180,0,0,0,20000,0,0,0,0
24/04/2020,24,4,2020,0,0,0,0,52000,0,0,0,78168,0,0,0,90000,0,0,0,0
25/04/2020,25,4,2020,0,0,0,140400,40000,0,0,0,0,0,0,0,0,0,0,0,0
26/04/2020,26,4,2020,0,0,0,122000,50000,0,0,0,0,0,0,0,0,0,0,0,0
27/04/2020,27,4,2020,0,0,0,0,54000,0,14000,0,0,0,0,0,40000,0,0,0,0
28/04/2020,28,4,2020,0,0,0,40000,100000,0,38000,0,0,0,0,0,0,0,0,0,0
29/04/2020,29,4,2020,0,0,0,160000,0,0,0,0,0,0,0,0,0,0,0,0,0
30/04/2020,30,4,2020,0,0,0,188000,0,0,0,0,0,0,0,0,0,0,0,0,0
01/05/2020,1,5,2020,0,0,0,140000,0,0,0,0,0,0,0,0,0,0,0,0,0
02/05/2020,2,5,2020,0,0,0,76000,0,0,0,0,0,0,0,0,0,0,0,0,0
03/05/2020,3,5,2020,0,0,0,128000,0,0,40000,0,0,0,0,0,0,0,0,0,0
04/05/2020,4,5,2020,0,0,0,120000,10000,0,0,0,0,0,0,0,0,0,0,0,0
05/05/2020,5,5,2020,0,0,0,48000,94000,0,0,0,0,0,0,86384,0,0,0,0,0
06/05/2020,6,5,2020,0,0,0,146800,40000,0,0,0,0,0,0,160002,0,0,0,0,0
07/05/2020,7,5,2020,0,0,0,160000,0,0,30000,0,0,0,0,104552,0,0,0,0,0
08/05/2020,8,5,2020,0,0,0,40000,0,0,0,0,0,0,0,0,0,0,0,0,0
09/05/2020,9,5,2020,0,0,0,50000,0,0,20000,0,0,0,0,0,0,0,0,0,0
10/05/2020,10,5,2020,0,0,0,0,0,0,35000,0,0,0,0,0,0,0,0,0,0
11/05/2020,11,5,2020,0,0,0,0,0,0,40000,0,0,0,0,0,0,0,0,0,0
12/05/2020,12,5,2020,0,0,0,20000,30000,0,10000,0,0,0,0,0,0,0,0,0,0
13/05/2020,13,5,2020,0,0,0,0,40000,0,0,0,0,0,0,0,0,0,0,0,0
14/05/2020,14,5,2020,0,0,0,0,0,0,0,0,0,0,0,0,0,0,0,0,0
15/05/2020,15,5,2020,0,0,0,0,24000,0,0,0,0,0,0,0,0,0,0,0,0
16/05/2020,16,5,2020,0,0,0,0,0,0,0,0,0,0,0,250136,47462,0,0,0,26886
17/05/2020,17,5,2020,0,0,0,0,60000,0,0,0,0,0,0,200000,66446,0,0,0,0
18/05/2020,18,5,2020,0,0,0,0,27000,0,0,0,94702,0,0,121654,200306,0,0,0,0
19/05/2020,19,5,2020,0,0,0,0,0,0,0,0,102396,0,0,147740,0,0,0,0,0
20/05/2020,20,5,2020,0,0,0,0,0,0,0,0,155822,0,0,28512,106450,0,0,0,0
21/05/2020,21,5,2020,0,0,0,0,0,0,0,0,0,0,0,272940,89900,0,0,0,0
22/05/2020,22,5,2020,0,0,0,0,0,0,0,0,86234,0,0,0,10000,0,0,0,0
23/05/2020,23,5,2020,0,0,0,180000,0,0,0,0,210738,0,0,0,0,0,0,0,0
24/05/2020,24,5,2020,0,0,0,126000,0,0,0,0,210738,0,0,0,0,0,0,0,0
25/05/2020,25,5,2020,0,0,0,280000,0,0,8000,0,210738,0,0,0,0,0,0,0,0
26/05/2020,26,5,2020,0,0,0,344000,190000,0,0,0,210738,0,0,0,0,0,0,0,0
27/05/2020,27,5,2020,0,0,0,90000,0,0,0,0,0,0,0,0,0,0,0,16000,0
28/05/2020,28,5,2020,0,0,0,38000,0,0,0,0,0,0,0,0,0,0,0,0,0
29/05/2020,29,5,2020,0,0,0,52000,0,0,0,0,16626,0,0,101728,0,0,0,0,0
30/05/2020,30,5,2020,0,0,0,0,0,0,0,0,16626,0,0,37980,0,0,0,0,0
31/05/2020,31,5,2020,0,0,0,0,0,0,0,0,16626,0,0,0,0,0,0,0,0
01/06/2020,1,6,2020,0,0,0,0,14000,0,0,0,185734,0,0,0,0,0,0,0,0
02/06/2020,2,6,2020,0,0,0,80000,106000,0,0,0,25708,0,0,0,132874,0,0,0,0
03/06/2020,3,6,2020,0,0,0,0,62000,0,0,0,160000,0,0,120306,11062,0,0,0,0
04/06/2020,4,6,2020,0,0,0,0,0,0,0,0,186744,0,0,224772,0,0,0,0,0
05/06/2020,5,6,2020,0,0,0,0,0,0,0,0,186714,0,0,178484,0,0,0,0,0
06/06/2020,6,6,2020,0,0,0,0,28000,0,0,0,277546,0,0,182104,0,0,0,0,0
07/06/2020,7,6,2020,0,0,0,0,0,0,0,0,202076,0,0,133640,0,0,0,0,0
08/06/2020,8,6,2020,0,0,0,0,0,0,0,0,289656,0,0,252228,59998,0,0,0,0
09/06/2020,9,6,2020,0,0,0,80000,110000,0,0,0,267246,0,0,234050,109118,0,0,0,0
10/06/2020,10,6,2020,0,0,0,101400,2000,0,0,0,423606,0,0,290556,238010,0,0,0,0
11/06/2020,11,6,2020,0,0,0,0,0,0,0,0,381554,0,0,215702,232314,0,0,0,0
12/06/2020,12,6,2020,0,0,0,0,0,0,0,0,168872,0,0,413876,82922,0,0,0,0
13/06/2020,13,6,2020,0,0,0,0,0,0,0,0,53390,0,0,0,20000,0,0,0,0
14/06/2020,14,6,2020,0,0,0,0,0,0,0,0,53390,0,0,0,20000,0,0,0,0
15/06/2020,15,6,2020,0,0,0,0,0,0,0,0,53390,0,0,0,20000,0,0,0,0
16/06/2020,16,6,2020,0,0,0,0,0,0,0,0,20976,0,0,0,133918,0,0,0,0
17/06/2020,17,6,2020,0,0,0,0,0,0,10000,0,100692,0,0,0,20000,0,0,0,0
18/06/2020,18,6,2020,0,0,0,0,0,0,0,0,258000,0,0,0,32664,0,0,0,0
19/06/2020,19,6,2020,0,0,0,97000,0,0,18000,0,23682,0,0,18530,0,0,0,0,0
20/06/2020,20,6,2020,0,0,0,80000,0,0,0,0,203886,0,0,0,41270,0,0,0,0
21/06/2020,21,6,2020,0,0,0,0,0,0,0,0,203886,0,0,0,20000,0,0,0,0
22/06/2020,22,6,2020,0,0,0,0,0,0,0,0,203886,0,0,0,20000,0,0,0,0
23/06/2020,23,6,2020,0,0,0,91384,0,0,20000,0,101062,0,0,137548,37194,0,0,0,0
24/06/2020,24,6,2020,0,0,0,60000,0,0,10000,0,218898,0,0,0,54680,0,0,0,0
25/06/2020,25,6,2020,0,0,16000,0,0,0,0,0,236256,0,0,105280,70000,0,0,0,0
26/06/2020,26,6,2020,0,0,0,0,0,0,0,0,228564,0,0,0,66292,0,0,0,0
27/06/2020,27,6,2020,0,0,0,0,0,0,0,0,12024,0,0,0,0,0,0,0,0
28/06/2020,28,6,2020,0,0,0,0,0,0,0,0,12024,0,0,0,0,0,0,0,0
29/06/2020,29,6,2020,0,0,0,0,0,0,0,0,12024,0,0,0,0,0,0,0,0
30/06/2020,30,6,2020,0,0,0,30000,0,0,40000,0,141594,0,0,0,20000,0,0,0,0
01/07/2020,1,7,2020,0,0,0,0,0,0,4400,0,0,0,0,0,0,0,0,0,0
02/07/2020,2,7,2020,0,0,0,0,0,0,0,0,0,0,0,0,0,0,0,0,0
03/07/2020,3,7,2020,0,0,0,66000,10000,0,50000,0,0,0,0,0,0,0,0,0,26000
04/07/2020,4,7,2020,0,0,0,0,0,0,72000,0,0,0,0,0,0,0,0,0,0
05/07/2020,5,7,2020,0,0,0,0,0,0,120000,0,0,0,0,0,0,0,0,0,0
06/07/2020,6,7,2020,0,0,0,0,0,0,126000,0,0,0,0,0,0,0,0,0,0
07/07/2020,7,7,2020,0,0,0,0,0,0,0,0,0,0,0,0,0,0,0,0,0
08/07/2020,8,7,2020,0,0,0,40000,0,0,0,0,0,0,0,0,0,0,0,0,0
09/07/2020,9,7,2020,0,0,0,0,0,0,0,0,0,0,0,0,0,0,0,0,0
10/07/2020,10,7,2020,0,0,0,30000,0,0,0,0,44862,0,0,0,0,0,0,0,0
11/07/2020,11,7,2020,0,0,0,0,104338,0,0,0,16000,0,0,107330,66414,0,0,0,0
12/07/2020,12,7,2020,0,0,0,0,0,0,0,0,0,0,0,0,0,0,0,0,0
13/07/2020,13,7,2020,0,0,0,0,0,0,0,0,34142,0,0,0,75904,0,0,0,0
14/07/2020,14,7,2020,0,0,0,80000,0,0,0,0,0,0,0,45248,0,0,0,0,0
15/07/2020,15,7,2020,0,0,0,438200,0,0,0,0,0,0,0,0,0,0,0,0,0
16/07/2020,16,7,2020,0,0,0,50000,0,0,0,0,0,0,0,0,0,0,0,0,0
17/07/2020,17,7,2020,0,0,0,0,0,0,0,0,0,0,0,0,0,0,0,0,0
18/07/2020,18,7,2020,0,0,0,80000,0,0,0,0,0,0,0,0,0,0,0,0,0
19/07/2020,19,7,2020,0,0,0,20000,0,0,0,0,0,0,0,0,0,0,0,0,0
20/07/2020,20,7,2020,0,0,0,204000,0,0,0,0,0,0,0,0,0,0,0,0,0
21/07/2020,21,7,2020,0,0,0,80000,0,0,0,0,0,0,0,100298,80084,0,0,0,0
22/07/2020,22,7,2020,0,0,0,28000,0,0,0,0,0,0,0,3956,0,0,0,0,0
23/07/2020,23,7,2020,0,0,0,0,0,0,70000,0,11130,0,0,71052,140146,0,0,0,0
24/07/2020,24,7,2020,0,0,0,0,0,0,60000,0,0,0,0,56244,37952,0,0,0,0
25/07/2020,25,7,2020,0,0,0,0,0,0,0,0,0,0,0,74940,0,0,0,0,0
26/07/2020,26,7,2020,0,0,0,0,0,0,0,0,0,0,0,0,0,0,0,0,0
27/07/2020,27,7,2020,0,0,0,0,0,0,0,0,0,0,0,21438,0,0,0,0,0
28/07/2020,28,7,2020,0,0,0,0,0,0,10000,0,0,0,0,97516,0,0,0,0,0
29/07/2020,29,7,2020,0,0,0,0,51600,0,0,0,0,0,0,6330,0,0,0,0,0
30/07/2020,30,7,2020,0,0,0,0,0,0,0,0,0,0,0,0,66416,0,0,0,0
31/07/2020,31,7,2020,0,0,0,0,0,0,20000,0,0,0,0,0,0,0,0,0,0
01/08/2020,1,8,2020,143806,113420,24508,292452,489810,0,335730,0,0,0,0,0,0,0,0,297000,43988
02/08/2020,2,8,2020,142650,113420,24318,378612,466736,0,301602,0,0,0,0,0,0,0,0,297000,43988
03/08/2020,3,8,2020,143808,113420,0,475364,529408,0,340156,0,0,0,0,0,5692,0,0,297000,69136
04/08/2020,4,8,2020,131460,113420,3540,562072,512146,0,365246,0,0,0,0,0,0,0,0,336600,64190
05/08/2020,5,8,2020,142096,113420,25806,588808,456716,0,335948,0,0,0,0,0,0,0,0,394020,45254
06/08/2020,6,8,2020,144442,113420,0,520472,547818,0,348716,0,0,0,0,0,0,0,0,425700,67222
07/08/2020,7,8,2020,142542,113420,21216,579240,434714,0,378494,0,65760,0,0,0,140110,0,0,415800,45254
08/08/2020,8,8,2020,142542,112860,11574,490406,454450,0,306188,0,0,0,0,0,206078,0,0,356400,43662
09/08/2020,9,8,2020,140642,113420,18412,489790,455120,0,314380,0,0,0,0,0,0,0,0,356400,47154
10/08/2020,10,8,2020,142542,113420,20176,489790,458282,0,330300,0,64460,0,0,0,0,0,0,356400,36720
11/08/2020,11,8,2020,146342,113420,30360,431790,563008,0,369092,0,0,0,0,106476,0,0,0,297000,41454
12/08/2020,12,8,2020,144442,113420,25600,512618,513330,0,372468,0,0,0,0,16230,0,0,0,396000,43352
13/08/2020,13,8,2020,146342,113420,33444,541706,504756,0,431844,0,0,0,0,0,37288,0,0,396000,41454
14/08/2020,14,8,2020,130988,113420,16000,580612,445884,0,368458,0,0,0,0,0,12600,0,0,386100,61778
15/08/2020,15,8,2020,142046,113420,25272,546174,522740,0,381990,0,0,0,0,0,0,0,0,297000,45748
16/08/2020,16,8,2020,141908,113420,25170,479118,525332,0,365442,0,0,0,0,0,0,0,0,297000,45888
17/08/2020,17,8,2020,141150,113420,18656,603088,513942,0,377878,0,0,0,0,0,0,0,0,297000,49728
18/08/2020,18,8,2020,146298,113420,33444,522318,423544,0,401286,0,0,0,0,0,0,0,0,419760,51338
19/08/2020,19,8,2020,142542,113420,26290,603156,591464,0,380846,0,11052,0,0,0,30000,0,0,247500,45254
20/08/2020,20,8,2020,146342,113420,33444,559102,602600,0,388642,0,0,0,0,69754,100078,0,0,243540,41454
21/08/2020,21,8,2020,144442,147968,28900,578814,468926,0,373972,0,90520,0,0,245170,20000,0,0,396000,43128
22/08/2020,22,8,2020,141274,113420,29016,567344,456734,0,366524,0,59850,0,0,0,60000,0,0,366300,46522
23/08/2020,23,8,2020,141274,113420,29016,567344,456734,0,366488,0,59850,0,0,0,0,0,0,366300,46522
24/08/2020,24,8,2020,141274,113420,29016,670344,456734,0,386268,0,59850,0,0,61850,60046,0,0,366300,46522
25/08/2020,25,8,2020,140642,156356,29016,728890,494834,0,388642,0,15562,0,0,0,49134,0,0,435600,46522
26/08/2020,26,8,2020,140642,156360,29664,709970,495766,0,397446,0,0,0,0,0,0,0,0,435600,47154
27/08/2020,27,8,2020,140642,156356,29664,693944,494942,0,398122,0,0,0,0,110230,56000,0,0,429462,47154
28/08/2020,28,8,2020,140642,113420,29664,691986,515990,0,359122,0,0,0,0,0,18970,0,0,425502,47154
29/08/2020,29,8,2020,136840,113420,20742,674328,510702,0,261618,0,0,0,0,68242,0,0,0,423720,50956
30/08/2020,30,8,2020,136840,113420,20910,649484,443546,0,261624,0,0,0,0,68242,0,0,0,423720,50956
31/08/2020,31,8,2020,136840,113420,20742,712928,416102,0,261702,0,0,0,0,68242,0,0,0,423720,50956
01/09/2020,1,9,2020,0,0,0,0,0,0,0,0,0,0,0,0,0,0,0,0,0
02/09/2020,2,9,2020,0,0,0,0,0,0,0,0,100000,0,0,305212,0,0,0,0,0
03/09/2020,3,9,2020,0,0,0,0,0,0,0,0,0,0,0,286140,77414,0,0,0,0
04/09/2020,4,9,2020,0,0,0,0,0,0,0,0,0,0,0,275344,0,0,0,0,0
05/09/2020,5,9,2020,0,0,0,0,0,0,0,0,0,0,0,13846,0,0,0,0,0
06/09/2020,6,9,2020,0,0,0,0,0,0,0,0,0,0,0,13846,0,0,0,0,0
07/09/2020,7,9,2020,0,0,0,0,0,0,0,0,0,0,0,13846,0,0,0,0,0
08/09/2020,8,9,2020,0,0,0,0,0,0,0,0,0,0,0,54298,0,0,0,0,0
09/09/2020,9,9,2020,0,0,0,0,0,0,0,0,0,0,0,25714,0,0,0,0,0
10/09/2020,10,9,2020,0,0,0,0,0,0,20000,0,0,0,0,0,0,0,0,0,0
11/09/2020,11,9,2020,0,0,0,0,0,0,0,0,0,0,0,0,0,0,0,0,0
12/09/2020,12,9,2020,0,0,0,0,0,0,0,0,0,0,0,0,0,0,0,0,0
13/09/2020,13,9,2020,0,0,0,0,0,0,0,0,0,0,0,0,0,0,0,0,0
14/09/2020,14,9,2020,0,0,0,12000,0,0,0,0,0,0,0,0,30344,0,0,0,0
15/09/2020,15,9,2020,0,0,0,0,0,0,0,0,0,0,0,0,0,0,0,0,0
16/09/2020,16,9,2020,0,0,0,0,0,0,0,0,0,0,0,0,0,0,0,0,0
17/09/2020,17,9,2020,0,0,0,48000,68000,0,0,0,0,0,0,52546,23448,0,0,0,0
18/09/2020,18,9,2020,0,0,0,30000,20000,0,20000,0,0,0,0,0,13276,0,0,0,0
19/09/2020,19,9,2020,0,0,0,42000,0,0,0,0,0,0,0,0,0,0,0,0,0
20/09/2020,20,9,2020,0,0,0,0,0,0,0,0,0,0,0,0,0,0,0,0,0
21/09/2020,21,9,2020,0,0,0,49600,72000,0,0,0,0,0,0,0,55974,0,0,0,0
22/09/2020,22,9,2020,0,0,0,44000,0,0,0,0,0,0,0,30660,24132,0,0,0,0
23/09/2020,23,9,2020,0,0,0,0,0,0,0,0,58654,0,0,0,0,0,0,0,0
24/09/2020,24,9,2020,0,0,0,0,0,0,0,0,59814,0,0,0,0,0,0,0,0
25/09/2020,25,9,2020,0,0,0,0,0,0,0,0,0,0,0,0,0,0,0,0,0
26/09/2020,26,9,2020,0,0,0,0,0,0,0,0,0,0,0,0,0,0,0,0,0
27/09/2020,27,9,2020,0,0,0,0,0,0,0,0,0,0,0,0,0,0,0,0,0
28/09/2020,28,9,2020,0,0,0,130000,45000,0,0,0,0,0,0,0,0,0,0,0,0
29/09/2020,29,9,2020,0,0,0,70000,0,0,0,0,0,0,0,78636,0,0,0,0,0
30/09/2020,30,9,2020,0,0,0,0,0,0,20000,0,0,0,0,47472,0,0,0,0,0
01/10/2020,1,10,2020,0,0,0,100000,75200,0,0,0,0,0,0,0,0,0,0,0,0
02/10/2020,2,10,2020,0,0,0,27400,0,0,0,0,0,0,0,0,0,0,0,0,0
03/10/2020,3,10,2020,0,0,0,60000,0,0,57000,0,0,0,0,0,0,0,0,0,0
04/10/2020,4,10,2020,0,0,0,20000,0,0,70000,0,0,0,0,0,0,0,0,0,0
05/10/2020,5,10,2020,0,0,0,308000,116200,0,90000,0,0,0,0,0,0,0,0,0,0
06/10/2020,6,10,2020,0,0,0,22400,20000,0,24000,0,0,0,0,0,0,0,0,0,0
07/10/2020,7,10,2020,0,0,0,0,0,0,0,0,0,0,0,0,0,0,0,0,0
08/10/2020,8,10,2020,0,0,0,10000,0,0,0,0,0,0,0,73906,0,0,0,0,0
09/10/2020,9,10,2020,0,0,0,25000,0,0,0,0,0,0,0,224572,0,0,0,0,0
10/10/2020,10,10,2020,0,0,0,29800,71200,0,0,0,0,0,0,0,35840,0,0,0,0
11/10/2020,11,10,2020,0,0,0,132000,14000,0,0,0,0,0,0,0,0,0,0,0,0
12/10/2020,12,10,2020,0,0,0,218680,20000,0,0,0,0,0,0,0,0,0,0,0,0
13/10/2020,13,10,2020,0,0,0,0,0,0,0,0,0,0,0,0,0,0,0,0,0
14/10/2020,14,10,2020,0,0,0,20000,0,0,0,0,0,0,0,0,0,0,0,0,0
15/10/2020,15,10,2020,0,0,0,0,0,0,40000,0,0,0,0,0,0,0,0,0,0
16/10/2020,16,10,2020,0,0,0,0,45000,0,0,0,0,0,0,0,0,0,0,0,0
17/10/2020,17,10,2020,0,0,0,27200,70000,0,0,0,0,0,0,0,0,0,0,0,0
18/10/2020,18,10,2020,0,0,0,0,35400,0,0,0,0,0,0,0,0,0,0,0,0
19/10/2020,19,10,2020,0,0,0,88994,96000,0,0,0,0,0,0,0,0,0,0,0,0
20/10/2020,20,10,2020,0,0,0,0,0,0,0,0,0,0,0,0,0,0,0,0,0
21/10/2020,21,10,2020,0,0,0,0,20000,0,0,0,0,0,0,0,37912,0,0,0,0
22/10/2020,22,10,2020,0,0,0,0,0,0,14000,0,0,0,0,8920,72040,0,0,0,0
23/10/2020,23,10,2020,0,0,0,40000,0,0,0,0,0,0,0,0,45828,0,0,0,0
24/10/2020,24,10,2020,0,0,0,68000,30000,0,0,0,0,0,0,0,0,0,0,0,0
25/10/2020,25,10,2020,0,0,0,0,0,0,0,0,0,0,0,0,0,0,0,0,0
26/10/2020,26,10,2020,0,0,0,0,0,0,0,0,0,0,0,0,0,0,0,0,0
27/10/2020,27,10,2020,0,0,0,140000,0,0,0,0,0,0,0,0,60000,0,0,0,0
28/10/2020,28,10,2020,0,0,0,50000,0,0,0,0,0,0,0,47754,0,0,0,0,0
29/10/2020,29,10,2020,0,0,0,0,0,0,0,0,0,0,0,50606,0,0,0,0,0
30/10/2020,30,10,2020,0,0,0,0,0,0,0,0,0,0,0,0,0,0,0,0,0
31/10/2020,31,10,2020,0,0,0,0,0,0,0,0,0,0,0,0,0,0,0,0,0
01/11/2020,1,11,2020,0,0,0,0,0,0,0,0,0,0,0,0,0,0,0,0,0
02/11/2020,2,11,2020,0,0,0,0,0,0,0,0,0,0,0,0,0,0,0,0,0
03/11/2020,3,11,2020,0,0,0,0,0,0,0,0,0,0,0,89358,0,0,0,0,0
04/11/2020,4,11,2020,0,0,0,0,0,0,26000,0,0,0,0,0,0,0,0,0,0
05/11/2020,5,11,2020,0,0,0,0,0,0,0,0,0,0,0,0,28434,0,0,0,0
06/11/2020,6,11,2020,0,0,0,0,88000,0,0,0,0,0,0,0,0,0,0,0,0
07/11/2020,7,11,2020,0,0,0,88000,0,0,78000,0,0,0,0,100000,18956,0,0,0,0
08/11/2020,8,11,2020,0,0,0,0,0,0,26000,0,0,0,0,0,0,0,0,0,0
09/11/2020,9,11,2020,0,0,0,140000,60010,0,0,0,20000,0,0,223088,72034,0,0,0,0
10/11/2020,10,11,2020,0,0,0,12000,0,0,0,0,91640,0,0,111226,40244,0,0,0,0
11/11/2020,11,11,2020,0,0,0,32000,0,0,0,0,50000,0,0,90000,0,0,0,0,0
12/11/2020,12,11,2020,0,0,0,20000,0,0,0,0,0,0,0,154262,0,0,0,0,0
13/11/2020,13,11,2020,0,0,0,0,0,0,0,0,0,0,0,89012,0,0,0,0,0
14/11/2020,14,11,2020,0,0,0,0,0,0,0,0,0,0,0,0,0,0,0,0,0
15/11/2020,15,11,2020,0,0,0,0,0,0,0,0,0,0,0,0,0,0,0,0,0
16/11/2020,16,11,2020,0,0,0,0,0,0,0,0,0,0,0,0,0,0,0,0,0
17/11/2020,17,11,2020,0,0,0,0,0,0,0,0,0,0,0,42868,0,0,0,0,0
18/11/2020,18,11,2020,0,0,0,0,0,0,0,0,0,0,0,0,0,0,0,0,0
19/11/2020,19,11,2020,0,0,0,0,0,0,0,0,0,0,0,20984,0,0,0,0,0
20/11/2020,20,11,2020,0,0,0,0,20000,0,0,0,0,0,0,0,0,0,0,0,0
21/11/2020,21,11,2020,0,0,0,0,0,0,22000,0,0,0,0,0,0,0,0,0,0
22/11/2020,22,11,2020,0,0,0,0,0,0,26000,0,0,0,0,0,0,0,0,0,0
23/11/2020,23,11,2020,6000,0,0,0,0,0,33000,0,0,0,0,0,0,0,0,0,0
24/11/2020,24,11,2020,0,0,0,0,0,0,0,0,0,0,0,0,0,0,0,0,0
25/11/2020,25,11,2020,0,0,0,0,0,0,0,0,0,0,0,43472,123216,0,0,0,0
26/11/2020,26,11,2020,0,0,0,0,0,0,0,0,29510,0,0,0,0,0,0,0,0
27/11/2020,27,11,2020,0,0,0,0,0,0,84000,0,0,0,0,0,0,0,0,0,0
28/11/2020,28,11,2020,0,0,0,0,0,0,60000,0,0,0,0,0,0,0,0,0,0
29/11/2020,29,11,2020,0,0,0,0,0,0,19000,0,0,0,0,0,0,0,0,0,0
30/11/2020,30,11,2020,0,0,0,0,0,0,0,0,0,0,0,206196,0,0,0,0,10000
01/12/2020,1,12,2020,0,0,0,0,0,0,0,0,11374,0,0,164514,0,0,0,0,0
02/12/2020,2,12,2020,0,0,0,0,0,0,0,0,64754,0,0,43324,0,0,0,0,0
03/12/2020,3,12,2020,0,0,0,0,0,0,0,0,48974,0,0,70968,0,0,0,0,0
04/12/2020,4,12,2020,0,0,0,0,0,0,0,0,0,0,0,0,0,0,0,0,0
05/12/2020,5,12,2020,0,0,0,100000,160000,0,0,0,0,0,0,0,0,0,0,0,0
06/12/2020,6,12,2020,0,0,0,22000,0,0,0,0,0,0,0,0,0,0,0,0,0
07/12/2020,7,12,2020,0,0,0,96000,50000,0,0,0,0,0,0,0,132694,0,0,0,0
08/12/2020,8,12,2020,0,0,0,60000,210000,0,10000,0,0,0,0,118658,49286,0,0,0,0
09/12/2020,9,12,2020,0,0,0,0,0,0,0,0,0,0,0,24260,0,0,0,0,0
10/12/2020,10,12,2020,0,0,0,0,60000,0,0,0,0,0,0,53840,0,0,0,0,0
11/12/2020,11,12,2020,0,0,0,0,0,0,0,0,0,0,0,0,0,0,0,0,0
12/12/2020,12,12,2020,0,0,0,80000,28000,0,0,0,0,0,0,0,0,0,0,0,0
13/12/2020,13,12,2020,0,0,0,0,0,0,0,0,0,0,0,0,0,0,0,0,0
14/12/2020,14,12,2020,0,0,0,280000,0,0,10000,0,0,0,0,0,0,0,0,0,0
15/12/2020,15,12,2020,0,0,0,113148,0,0,0,0,0,0,0,35604,0,0,0,0,0
16/12/2020,16,12,2020,0,0,0,0,0,0,0,0,0,0,0,0,0,0,0,0,0
17/12/2020,17,12,2020,0,0,0,0,20000,0,0,0,0,0,0,11868,0,0,0,0,0
18/12/2020,18,12,2020,0,0,0,0,0,0,0,0,0,0,0,0,0,0,0,0,0
19/12/2020,19,12,2020,0,0,0,54000,10000,0,0,0,0,0,0,0,0,0,0,0,0
20/12/2020,20,12,2020,0,0,0,0,0,0,0,0,0,0,0,0,0,0,0,0,0
21/12/2020,21,12,2020,16000,0,0,115000,40000,0,18000,0,0,0,0,0,0,0,0,0,0
22/12/2020,22,12,2020,16000,0,0,30000,16000,0,0,0,0,0,0,0,0,0,0,0,0
23/12/2020,23,12,2020,16000,0,0,48000,50000,0,0,0,0,0,0,0,0,0,0,0,0
24/12/2020,24,12,2020,0,0,0,0,0,0,18000,0,0,0,0,0,0,0,0,0,0
25/12/2020,25,12,2020,0,0,0,0,0,0,0,0,0,0,0,0,0,0,0,0,0
26/12/2020,26,12,2020,0,0,0,0,22000,0,0,0,0,0,0,0,0,0,0,0,0
27/12/2020,27,12,2020,0,0,0,24000,60000,0,0,0,0,0,0,0,0,0,0,0,0
28/12/2020,28,12,2020,26000,0,0,0,60000,0,0,0,0,0,0,0,0,0,0,0,0
29/12/2020,29,12,2020,0,0,0,0,0,0,0,0,8278,0,0,800000,92160,0,0,0,0
30/12/2020,30,12,2020,0,0,0,0,0,0,0,0,0,0,0,67272,0,0,0,0,0
31/12/2020,31,12,2020,0,0,0,0,0,0,0,0,0,0,0,0,0,0,0,0,0
